Video Title,Upload Time,Stock Symbol,Company Name,Halal Status,Trend,Current Price,Change %
Huge Opportunity in Clean Energy or a Trap? | GEVO stock analysis | Gevo stock prediction,7 hours ago,GEVO,Gevo Inc,Yes,Uptrend,2.52,4.99999
Before You Buy This Quantum Stock Watch This | XNDU stock analysis | Xanadu Quantum stock prediction,7 hours ago,XNDU,Unknown,Unknown,Sideways,11.5,15.000001
Strong Earnings! Is This Energy Stock About to Run? | AGX stock analysis | Argan stock prediction,7 hours ago,AGX,Argan Inc,Yes,Uptrend,566.62,37.9141
Buy This SelfDefense Stock or Stay Away? | BYRN stock analysis | Byrna Technologies stock prediction,7 hours ago,BYRN,Byrna Technologies Inc,No,Downtrend,8.8,-2.76243
Is This Coffee Chain Stock a Buy Right Now? | BROS stock analysis | Dutch Bros stock prediction,7 hours ago,BROS,Dutch Bros Inc,Yes,Downtrend,46.69,-2.76968
Should Investors Buy or Stay Away? | FCHL stock analysis | Fitness Champs Holdings stock prediction,21 hours ago,FCHL,Fitness Champs Holdings Ltd,Yes,Downtrend,1.9,-46.4789
Massive Opportunity or Huge Trap? | EEIQ stock analysis | EpicQuest Education stock prediction,1 day ago,EEIQ,EpicQuest Education Group International Ltd,Yes,Uptrend,6.98,-17.2986
Up 75% Is It Too Late to Buy This Biotech Stock? | KOD stock analysis | Kodiak stock prediction?,1 day ago,KOD,Kodiak Sciences Inc,Yes,Uptrend,37.0,-6.94165
Before You Buy This Retail Stock… Watch This | BBW stock analysis,1 day ago,BBW,Build-A-Bear Workshop Inc,Yes,Downtrend,37.28,-3.74387
Is Now Best Time to Buy This Energy Drink Stock? | CELH stock analysis | Celsius stock prediction,1 day ago,CELH,Celsius Holdings Inc,Yes,Downtrend,33.94,-4.63614
